INSERT INTO DSCSN_KND (DSCSN_KND_ID, DSCSN_KND_NM, DSCSN_TYPE_NM) VALUES
                                                                      ('A001', '학기초 상담', '지도교수 상담'),
                                                                      ('A002', '학기중 상담', '지도교수 상담'),
                                                                      ('A003', '학기말 상담', '지도교수 상담'),

                                                                      ('C001', '진로탐색', '진로취업 상담'),
                                                                      ('C002', '이력서 첨삭', '진로취업 상담'),
                                                                      ('C003', '면접 코칭', '진로취업 상담'),

                                                                      ('P001', '스트레스 관리', '심리상담'),
                                                                      ('P002', '대인관계', '심리상담'),
                                                                      ('P003', '우울 불안', '심리상담'),

                                                                      ('L001', '학습전략', '학습상담'),
                                                                      ('L002', '시간관리', '학습상담'),
                                                                      ('L003', '집중력 향상', '학습상담');

INSERT INTO DSCSN_DT (
    DSCSN_DT_ID, DSCSN_PSBLTY_D, DSCSN_PSBLTY_T, DSCSN_YN, EMP_NO
) VALUES
-- A 그룹 (EMP_NO는 모두 P*)
('A250811001', '20250819', '0900', 'N', 'P108001'),
('A250811002', '20250819', '1030', 'N', 'P108002'),
('A250811003', '20250820', '1100', 'N', 'P110001'),
('A250811004', '20250820', '1400', 'N', 'P110002'),
('A250811005', '20250821', '0930', 'N', 'P127001'),
('A250811006', '20250822', '1500', 'N', 'P127002'),
('A250811007', '20250822', '1630', 'N', 'P133001'),
('A250811008', '20250823', '1730', 'N', 'P133002'),
('A250811009', '20250824', '1900', 'N', 'P145001'),
('A250811010', '20250824', '2030', 'N', 'P145002'),
-- A 그룹 중복
('A250811011', '20250819', '0900', 'N', 'P159001'),
('A250811012', '20250822', '1500', 'N', 'P159002'),

-- P 그룹 (P로 시작하는 EMP_NO 제거, S/K 코드만 사용)
('P250811001', '20250819', '0930', 'N', 'K141001'),
('P250811002', '20250819', '1130', 'N', 'S001001'),
('P250811003', '20250820', '1000', 'N', 'S002001'),
('P250811004', '20250820', '1530', 'N', 'S002002'),
('P250811005', '20250821', '1600', 'N', 'S003001'),
('P250811006', '20250822', '1430', 'N', 'S003002'),
('P250811007', '20250822', '1700', 'N', 'K141002'),
('P250811008', '20250823', '1830', 'N', 'S104002'),
('P250811009', '20250825', '2000', 'N', 'S107001'),
('P250811010', '20250825', '2100', 'N', 'S107002'),
-- P 그룹 중복
('P250811011', '20250819', '0930', 'N', 'S004001'),
('P250811012', '20250822', '1700', 'N', 'S004002'),

-- C 그룹 (P로 시작하는 EMP_NO 제거)
('C250811001', '20250820', '0900', 'Y', 'S111001'), -- 이거 바꿈
('C250811002', '20250820', '1100', 'N', 'S111002'),
('C250811003', '20250821', '1400', 'N', 'S122001'),
('C250811004', '20250822', '0930', 'N', 'S122002'),
('C250811005', '20250822', '1500', 'N', 'S133001'),
('C250811006', '20250823', '1630', 'N', 'S133002'),
('C250811007', '20250824', '1730', 'N', 'S141001'),
('C250811008', '20250824', '1900', 'N', 'S141002'),
('C250811009', '20250826', '2000', 'N', 'S155001'),
('C250811010', '20250826', '2100', 'N', 'S155002'),
-- C 그룹 중복
('C250811011', '20250822', '1500', 'N', 'S166001'),
('C250811012', '20250824', '1900', 'N', 'S166002'),

-- L 그룹 (P로 시작하는 EMP_NO 제거)
('L250811001', '20250821', '1000', 'N', 'S166001'),
('L250811002', '20250821', '1130', 'N', 'S166002'),
('L250811003', '20250822', '1500', 'N', 'S205001'),
('L250811004', '20250823', '1600', 'N', 'S205002'),
('L250811005', '20250823', '1730', 'N', 'S212001'),
('L250811006', '20250824', '1830', 'N', 'S212002'),
('L250811007', '20250825', '1930', 'N', 'S224001'),
('L250811008', '20250825', '2000', 'N', 'S224002'),
('L250811009', '20250827', '2030', 'N', 'S235001'),
('L250811010', '20250827', '2100', 'N', 'S235002'),
-- L 그룹 중복
('L250811011', '20250823', '1730', 'N', 'S235001'),
('L250811012', '20250825', '2000', 'N', 'S235002');


INSERT INTO DSCSN_APLY (
    DSCSN_APLY_ID, STDNT_TELNO, DSCSN_APLY_CN,
    STDNT_NO, DSCSN_DT_ID, DSCSN_KND_ID
) VALUES
      ('A0001', '01012345678', '학기초 상담 신청합니다.', '2025108001', 'A250811001', 'A001'),
      ('A0002', '01023456789', '수강신청 관련 상담 원해요.', '2025108002', 'A250811002', 'A002'),

      ('P0001', '01034567890', '스트레스 관리 상담 신청', '2024108003', 'P250811001', 'P001'),
      ('P0002', '01045678901', '대인관계 고민 상담', '2024108004', 'P250811002', 'P003'),

      ('C0001', '01056789012', '이력서 첨삭 받고 싶습니다.', '2024108005', 'C250811001', 'C002'),
      ('C0002', '01067890123', '면접 코칭 예약', '2023108006', 'C250811002', 'C003'),

      ('L0001', '01078901234', '학습전략 상담 요청', '2023108007', 'L250811001', 'L001'),
      ('L0002', '01089012345', '시간관리 관련 상담', '2023108008', 'L250811002', 'L002');


INSERT INTO DSCSN_INFO (
    DSCSN_INFO_ID, DSCSN_STATUS, DSCSN_RSLT_CN, RSLT_RLS_YN, DSCSN_APLY_ID
) VALUES
      ('AI0001', '예약완료', NULL, 'N', 'A0001'),
      ('AI0002', '상담완료', '수강신청 계획 검토 및 보완사항 안내 완료', 'Y', 'A0002'),

      ('PI0001', '상담완료', '스트레스 요인 파악, 주 3회 기록지 작성 과제 부여', 'N', 'P0001'),
      ('PI0002', '상담취소', NULL, 'N', 'P0002'),

      ('CI0001', '예약대기', NULL, 'N', 'C0001'),
      ('CI0002', '상담불참', NULL, 'N', 'C0002'),

      ('LI0001', '상담완료', '학습전략(포모도로) 적용 계획 수립, 2주 후 점검', 'Y', 'L0001'),
      ('LI0002', '예약완료', NULL, 'N', 'L0002');

INSERT INTO DSCSN_DGSTFN (
    DSCSN_DGSTFN_ID, DSCSN_DGSTFN_NM, DSCSN_DGSTFN_CN, DSCSN_INFO_ID
) VALUES
-- A (AI0001, AI0002)
('AS0001', '보통',     '상담은 무난했으나 추가 안내가 더 있으면 좋겠습니다.', 'AI0001'),
('AS0002', '만족',     '수강계획 보완에 큰 도움이 되었습니다.',           'AI0002'),

-- P (PI0001, PI0002)
('PS0001', '매우만족', '과제 제시가 명확했고 실천 동기가 생겼습니다.',     'PI0001'),
('PS0002', '불만족',   '일정 문제로 충분한 상담이 어려웠습니다.',           'PI0002'),

-- C (CI0001, CI0002)
('CS0001', '보통',     '이력서 방향성은 이해했으나 예시가 더 필요합니다.', 'CI0001'),
('CS0002', '매우불만족', '노쇼 처리 후 재예약 절차가 번거로웠습니다.',        'CI0002'),

-- L (LI0001, LI0002)
('LS0001', '만족',     '포모도로 적용 방법이 실질적으로 유용했습니다.',      'LI0001'),
('LS0002', '보통',     '전반적 만족이나 후속 자료가 더 있으면 좋겠습니다.', 'LI0002');