INSERT INTO DSCSN_KND (DSCSN_KND_ID, DSCSN_KND_NM, DSCSN_TYPE_NM) VALUES
                                                                      ('A001', '학기초 상담', '지도교수 상담'),
                                                                      ('A002', '학기중 상담', '지도교수 상담'),
                                                                      ('A003', '학기말 상담', '지도교수 상담'),

                                                                      ('C001', '진로탐색', '진로취업 상담'),
                                                                      ('C002', '이력서 첨삭', '진로취업 상담'),
                                                                      ('C003', '면접 코칭', '진로취업 상담'),

                                                                      ('P001', '스트레스 관리', '심리상담'),
                                                                      ('P002', '대인관계', '심리상담'),
                                                                      ('P003', '우울 불안', '심리상담'),

                                                                      ('L001', '학습전략', '학습상담'),
                                                                      ('L002', '시간관리', '학습상담'),
                                                                      ('L003', '집중력 향상', '학습상담');

INSERT INTO DSCSN_DT (
    DSCSN_DT_ID, DSCSN_PSBLTY_D, DSCSN_PSBLTY_T, DSCSN_YN, EMP_NO
) VALUES
      ('A250808001', '20250808', '0900', 'Y', 'P108001'),
      ('A250808002', '20250808', '0930', 'Y', 'P108001'),

      ('P250808001', '20250808', '1000', 'Y', 'K141001'),
      ('P250808002', '20250808', '1030', 'Y', 'K141002'),

      ('C250808001', '20250808', '1100', 'Y', 'K141002'),
      ('C250808002', '20250808', '1130', 'Y', 'K141001'),

      ('L250808001', '20250808', '1400', 'Y', 'K141001'),
      ('L250808002', '20250808', '1430', 'Y', 'K141002');

INSERT INTO DSCSN_APLY (
    DSCSN_APLY_ID, STDNT_TELNO, DSCSN_APLY_CN, DSCSN_OLN_YN,
    STDNT_NO, DSCSN_DT_ID, DSCSN_KND_ID
) VALUES
      ('A0001', '01012345678', '학기초 상담 신청합니다.', null, '2025108001', 'A250808001', 'A001'),
      ('A0002', '01023456789', '수강신청 관련 상담 원해요.', null, '2025108002', 'A250808002', 'A002'),

      ('P0001', '01034567890', '스트레스 관리 상담 신청', null, '2024108003', 'P250808001', 'P001'),
      ('P0002', '01045678901', '대인관계 고민 상담', null, '2024108004', 'P250808002', 'P003'),

      ('C0001', '01056789012', '이력서 첨삭 받고 싶습니다.', null, '2024108005', 'C250808001', 'C002'),
      ('C0002', '01067890123', '면접 코칭 예약', null, '2023108006', 'C250808002', 'C003'),

      ('L0001', '01078901234', '학습전략 상담 요청', null, '2023108007', 'L250808001', 'L001'),
      ('L0002', '01089012345', '시간관리 관련 상담', null, '2023108008', 'L250808002', 'L002');

INSERT INTO DSCSN_INFO (
    DSCSN_INFO_ID, DSCSN_STATUS, DSCSN_RSLT_CN, RSLT_RLS_YN, DSCSN_APLY_ID
) VALUES
      ('AI0001', '예약완료', NULL, 'N', 'A0001'),
      ('AI0002', '상담완료', '수강신청 계획 검토 및 보완사항 안내 완료', 'Y', 'A0002'),

      ('PI0001', '상담완료', '스트레스 요인 파악, 주 3회 기록지 작성 과제 부여', 'N', 'P0001'),
      ('PI0002', '상담취소', NULL, 'N', 'P0002'),

      ('CI0001', '예약대기', NULL, 'N', 'C0001'),
      ('CI0002', '상담불참', NULL, 'N', 'C0002'),

      ('LI0001', '상담완료', '학습전략(포모도로) 적용 계획 수립, 2주 후 점검', 'Y', 'L0001'),
      ('LI0002', '예약완료', NULL, 'N', 'L0002');

INSERT INTO DSCSN_DGSTFN (
    DSCSN_DGSTFN_ID, DSCSN_DGSTFN_NM, DSCSN_DGSTFN_CN, DSCSN_INFO_ID
) VALUES
-- A (AI0001, AI0002)
('AS0001', '보통',     '상담은 무난했으나 추가 안내가 더 있으면 좋겠습니다.', 'AI0001'),
('AS0002', '만족',     '수강계획 보완에 큰 도움이 되었습니다.',           'AI0002'),

-- P (PI0001, PI0002)
('PS0001', '매우만족', '과제 제시가 명확했고 실천 동기가 생겼습니다.',     'PI0001'),
('PS0002', '불만족',   '일정 문제로 충분한 상담이 어려웠습니다.',           'PI0002'),

-- C (CI0001, CI0002)
('CS0001', '보통',     '이력서 방향성은 이해했으나 예시가 더 필요합니다.', 'CI0001'),
('CS0002', '매우불만족', '노쇼 처리 후 재예약 절차가 번거로웠습니다.',        'CI0002'),

-- L (LI0001, LI0002)
('LS0001', '만족',     '포모도로 적용 방법이 실질적으로 유용했습니다.',      'LI0001'),
('LS0002', '보통',     '전반적 만족이나 후속 자료가 더 있으면 좋겠습니다.', 'LI0002');